SNAKE,3FTx,BPP,CRISP,CTL,GF,OHA,LAAO,PLA2,SVMP,SVSP
Agkistrodon_piscivorus,0.00E+00,0.00E+00,0.00E+00,1.70E-02,0.00E+00,0.00E+00,1.70E-02,3.20E-01,2.80E-02,2.20E-02
Bitis_gabonica,0.00E+00,1.03E-01,0.00E+00,8.10E-02,4.00E-03,0.00E+00,1.80E-02,3.20E-01,1.88E-01,4.40E-02
Boiga_irregularis,6.11E-01,0.00E+00,3.83E-02,1.40E-02,0.00E+00,0.00E+00,0.00E+00,0.00E+00,2.48E-01,0.00E+00
Bothriechis_lateralis,1.60E-02,2.36E-01,3.20E-02,3.10E-02,1.80E-02,3.30E-02,3.40E-02,3.00E-02,4.49E-01,1.04E-01
Bothriechis_schlegelii,3.60E-02,1.53E-01,3.60E-02,2.00E-03,4.90E-02,1.16E-01,3.20E-02,1.00E-01,2.63E-01,2.03E-01
Bothrops_alternatus,0.00E+00,1.18E-01,2.20E-02,1.65E-01,2.50E-02,0.00E+00,1.80E-02,1.00E-02,5.85E-01,5.10E-02
Bothrops_asper,8.00E-03,1.50E-01,8.00E-03,1.20E-02,9.00E-03,2.80E-02,4.20E-02,1.80E-01,4.16E-01,1.34E-01
Bothrops_atrox,0.00E+00,7.10E-02,5.00E-03,4.80E-02,1.00E-02,0.00E+00,1.40E-02,1.50E-01,6.16E-01,8.20E-02
Bothrops_colombiensis,0.00E+00,9.00E-03,0.00E+00,4.00E-02,2.30E-02,0.00E+00,2.00E-02,3.00E-01,3.70E-01,1.20E-01
Bothrops_insularis,0.00E+00,1.58E-01,1.50E-02,1.42E-01,7.00E-03,0.00E+00,3.50E-02,5.00E-02,4.33E-01,1.12E-01
Bothrops_jararacussu,0.00E+00,0.00E+00,1.00E-02,5.00E-02,1.00E-02,0.00E+00,1.00E-02,3.50E-01,1.60E-01,2.00E-02
Bothrops_jararaca,0.00E+00,6.10E-02,2.20E-02,1.00E-01,5.00E-03,0.00E+00,5.00E-03,2.00E-02,4.21E-01,3.45E-01
Bothrops_neuwiedi,0.00E+00,1.74E-01,3.00E-03,8.60E-02,1.50E-03,1.50E-03,1.20E-02,2.60E-01,3.60E-01,5.30E-02
Bungarus_multicinctus,6.47E-01,0.00E+00,7.00E-03,3.60E-02,1.00E-03,0.00E+00,1.00E-03,3.00E-02,0.00E+00,0.00E+00
Cerrophidion_godmani,6.00E-03,8.30E-02,2.60E-02,2.00E-03,6.00E-03,2.00E-02,5.50E-02,8.00E-02,4.22E-01,2.81E-01
Crotalus_adamanteus,0.00E+00,7.00E-03,0.00E+00,2.24E-01,1.00E-03,0.00E+00,5.39E-02,0.00E+00,2.39E-01,1.99E-01
Crotalus_durissus,0.00E+00,0.00E+00,0.00E+00,0.00E+00,4.00E-02,0.00E+00,0.00E+00,0.00E+00,3.00E-02,2.50E-02
Crotalus_horridus,0.00E+00,5.10E-02,7.70E-03,1.90E-03,2.11E-02,0.00E+00,1.16E-02,8.00E-02,1.00E-03,1.31E-01
Crotalus_simus,1.27E-01,1.34E-01,0.00E+00,2.40E-02,4.50E-02,1.50E-01,3.80E-02,1.20E-01,6.50E-02,2.81E-01
Drysdalia_coronoides,6.05E-01,0.00E+00,2.80E-02,0.00E+00,2.00E-03,0.00E+00,0.00E+00,0.00E+00,0.00E+00,3.25E-01
Echis_carinatus,0.00E+00,0.00E+00,2.00E-02,1.67E-01,0.00E+00,0.00E+00,2.00E-02,8.00E-02,5.74E-01,4.59E-02
Echis_coloratus,0.00E+00,0.00E+00,5.00E-02,1.03E-01,0.00E+00,0.00E+00,2.00E-02,5.00E-02,6.18E-01,4.38E-02
Echis_ocellatus,0.00E+00,1.60E-01,0.00E+00,3.00E-02,2.20E-02,0.00E+00,4.00E-03,5.00E-02,4.40E-01,4.90E-03
Echis_pyramidum,0.00E+00,0.00E+00,0.00E+00,2.40E-01,0.00E+00,0.00E+00,2.00E-02,2.10E-01,4.98E-01,1.98E-02
Gloydius_intermedius,0.00E+00,2.53E-01,6.20E-02,7.90E-03,3.80E-02,0.00E+00,1.31E-01,1.00E-01,2.60E-02,3.62E-01
Hypsiglena_torquata,7.00E-04,0.00E+00,1.66E-01,6.10E-02,1.00E-04,7.00E-03,0.00E+00,5.00E-02,6.88E-01,1.12E-01
Micrurus_corallinus,2.03E-01,0.00E+00,1.00E-04,3.35E-02,1.50E-03,0.00E+00,8.40E-03,3.80E-01,2.10E-02,1.00E-03
Micrurus_lemniscatus,6.72E-01,0.00E+00,2.40E-03,2.90E-03,5.00E-03,0.00E+00,7.30E-03,1.70E-01,1.12E-02,1.17E-02
Micrurus_spixii,6.26E-01,0.00E+00,0.00E+00,0.00E+00,1.10E-01,0.00E+00,0.00E+00,3.60E-01,0.00E+00,2.40E-01
Micrurus_surinamensis,6.02E-01,0.00E+00,0.00E+00,1.70E-03,7.88E-02,0.00E+00,5.00E-03,2.60E-01,1.40E-03,1.00E-04
Micrurus_altirostris,0.00E+00,0.00E+00,0.00E+00,1.30E-02,0.00E+00,2.00E-03,0.00E+00,5.00E-02,6.00E-03,0.00E+00
Micrurus_fulvius,2.24E-01,0.00E+00,0.00E+00,7.90E-03,9.80E-03,0.00E+00,8.80E-03,6.10E-01,2.94E-02,0.00E+00
Naja_atra,9.68E-01,0.00E+00,7.00E-03,6.00E-03,2.00E-03,0.00E+00,1.00E-03,1.00E-02,4.00E-03,0.00E+00
Naja_kaouthia,8.22E-01,0.00E+00,0.00E+00,5.00E-03,3.00E-03,9.00E-03,2.00E-03,1.40E-01,0.00E+00,0.00E+00
Ovophis_okinavensis,0.00E+00,0.00E+00,2.00E-03,4.60E-03,0.00E+00,9.31E-01,6.20E-03,1.00E-02,4.20E-02,6.00E-03
Pantherophis_guttatus,0.00E+00,0.00E+00,8.80E-02,0.00E+00,4.20E-02,0.00E+00,0.00E+00,5.20E-01,0.00E+00,0.00E+00
Phalotris_mertensi,1.80E-02,0.00E+00,3.30E-03,2.16E-01,0.00E+00,2.70E-03,2.30E-02,1.00E-02,2.19E-01,1.99E-01
Philodryas_olfersii,0.00E+00,0.00E+00,1.04E-01,5.80E-02,0.00E+00,0.00E+00,0.00E+00,0.00E+00,5.24E-01,8.90E-02
Protobothrops_flavoviridis,0.00E+00,0.00E+00,3.85E-02,1.52E-01,9.60E-03,0.00E+00,9.00E-02,3.20E-01,2.69E-01,8.51E-02
Sistrurus_catenatus,8.30E-03,2.80E-03,6.67E-02,1.39E-02,6.67E-02,0.00E+00,3.61E-02,2.80E-01,1.22E-01,3.75E-01
Thamnodynastes_strigatus,2.00E-03,0.00E+00,1.90E-02,5.40E-02,9.00E-03,0.00E+00,0.00E+00,0.00E+00,8.20E-02,0.00E+00
Opheodrys_aestivus,1.33E-01,0.00E+00,0.00E+00,0.00E+00,5.71E-02,0.00E+00,0.00E+00,3.60E-02,0.00E+00,0.00E+00
Dispholidus_typus,6.20E-02,0.00E+00,5.40E-02,4.00E-03,1.00E-03,0.00E+00,0.00E+00,7.60E-02,7.66E-01,5.50E-02